{
  "model": "VGGBinaryConnect",
  "bnmomentum": 0.2,
  "optim": "BayesBiNN",
  "val_split": 0.1,
  "criterion": "cross-entropy",
  "batch_size": 50,
  "test_batch_size": 1000,
  "train_samples": 1,
  "test_samples": 0,
  "epochs": 500,
  "lr": 0.0003,
  "lr_end": 1e-16,
  "tp_decay": 1,
  "momentum": 0.0,
  "data_augmentation": true,
  "log_interval": 10000,
  "save_model": true,
  "experiment_id": 3,
  "no_cuda": false,
  "seed": 10,
  "lrschedular": "Cosine",
  "trainset_scale": 10,
  "lamda": 10,
  "lamda_std": 0,
  "temperature": 1e-10,
  "bn_affine": 0,
  "use_cuda": true,
  "out_dir": "./outputs/cifar10_seed10_cross_VGGBinaryConnect_BayesBiNN_affine0_lr0.0003_lm10_lmstd0_tmax1e-10_tmin1e-10_tr1_ts0_id3_now2020_06_05_14_08_15"
}