{
  "model": "MLPBinaryConnect",
  "bnmomentum": 0.15,
  "optim": "BayesBiNN",
  "val_split": 0.1,
  "criterion": "cross-entropy",
  "batch_size": 100,
  "test_batch_size": 1000,
  "train_samples": 1,
  "test_samples": 0,
  "epochs": 500,
  "lr": 0.0001,
  "lr_end": 1e-16,
  "momentum": 0.0,
  "data_augmentation": false,
  "log_interval": 500,
  "save_model": true,
  "experiment_id": 3,
  "no_cuda": false,
  "seed": 1,
  "lrschedular": "Cosine",
  "drop_prob": 0.2,
  "trainset_scale": 1,
  "lamda": 10,
  "lamda_std": 0,
  "temperature": 1e-10,
  "kl_reweight": 1.0,
  "bn_affine": 0,
  "use_cuda": true,
  "out_dir": "./outputs/mnist_MLPBinaryConnect_BayesBiNN_lr0.0001_ts0_temper1e-10_id3_now2020_06_05_17_51_47"
}